"gsis_id","name","position","games","pts_tot","pts_avg","pts_std_tot","pts_std_avg","pts_adj_tot","pts_adj_avg"
"00-0019596","T.Brady","QB",17,511.29,30.0758823529412,467.64,27.5082352941176,43.6499999999999,2.56764705882353
"00-0022924","B.Roethlisberger","QB",16,229.82,14.36375,269.3,16.83125,-39.48,-2.4675
"00-0023459","Aa.Rodgers","QB",16,430.68,26.9175,408.6,25.5375,22.0799999999999,1.38
"00-0023682","R.Fitzpatrick","QB",1,-2.21,-2.21,0.72,0.72,-2.93,-2.93
"00-0024243","M.Lewis","TE",13,48.92,3.76307692307692,44.4,3.41538461538462,4.52,0.347692307692308
"00-0025394","A.Peterson","RB",4,33.84,8.46,26.6,6.65,7.24,1.81
"00-0026035","D.Amendola","WR",8,64.06,8.0075,66.8,8.35,-2.74,-0.3425
"00-0026143","M.Ryan","QB",17,253.19,14.8935294117647,269.92,15.8776470588235,-16.73,-0.984117647058825
"00-0026158","J.Flacco","QB",2,30.55,15.275,31.82,15.91,-1.27000000000001,-0.635000000000003
"00-0026189","D.Jackson","WR",14,75.6,5.4,77.8,5.55714285714286,-2.2,-0.157142857142857
"00-0026197","C.Henne","QB",2,6.07,3.035,3.68,1.84,2.39,1.195
"00-0026300","J.Johnson","QB",4,59.21,14.8025,54.42,13.605,4.78999999999999,1.1975
"00-0026498","M.Stafford","QB",17,419.8,24.6941176470588,413.54,24.3258823529412,6.25999999999997,0.368235294117645
"00-0026625","B.Hoyer","QB",3,19.25,6.41666666666667,15.28,5.09333333333333,3.97,1.32333333333333
"00-0027061","J.Cook","TE",16,120.3,7.51875,128.4,8.025,-8.1,-0.50625
"00-0027656","R.Gronkowski","TE",12,167.46,13.955,171.2,14.2666666666667,-3.74,-0.311666666666667
"00-0027685","E.Sanders","WR",14,127.38,9.09857142857143,131.7,9.40714285714286,-4.32,-0.308571428571429
"00-0027688","C.McCoy","QB",4,64.06,16.015,50.2,12.55,13.86,3.465
"00-0027691","A.Roberts","WR",4,7.22,1.805,6.4,1.6,0.82,0.205
"00-0027696","J.Graham","TE",11,46.86,4.26,48.7,4.42727272727273,-1.84,-0.167272727272727
"00-0027793","A.Brown","WR",7,122.54,17.5057142857143,121.1,17.3,1.44,0.205714285714285
"00-0027939","C.Newton","QB",7,75.17,10.7385714285714,94.46,13.4942857142857,-19.29,-2.75571428571429
"00-0027942","A.Green","WR",16,149.42,9.33875,156.8,9.8,-7.38,-0.46125
"00-0027944","J.Jones","WR",10,79.72,7.972,80.4,8.04,-0.680000000000001,-0.0680000000000001
"00-0027948","B.Gabbert","QB",5,1.23,0.246,2.68,0.536,-1.45,-0.29
"00-0027966","M.Ingram","RB",14,147.08,10.5057142857143,110.6,7.9,36.48,2.60571428571429
"00-0027973","A.Dalton","QB",8,75.57,9.44625,98.8,12.35,-23.23,-2.90375
"00-0027981","K.Rudolph","TE",15,57.3,3.82,57.7,3.84666666666667,-0.400000000000001,-0.0266666666666667
"00-0028002","R.Cobb","WR",11,97.92,8.90181818181818,95.6,8.69090909090909,2.32,0.210909090909091
"00-0028042","L.Stocker","TE",2,3.88,1.94,3.2,1.6,0.68,0.34
"00-0028097","L.Smith","TE",6,23.24,3.87333333333333,21.5,3.58333333333333,1.74,0.29
"00-0028118","Ty.Taylor","QB",6,76.11,12.685,91.84,15.3066666666667,-15.73,-2.62166666666667
"00-0028237","C.Hogan","WR",5,12.82,2.564,14.1,2.82,-1.28,-0.256
"00-0028292","N.Bellore","FB",1,1.74,1.74,1.4,1.4,0.34,0.34
"00-0028986","C.Keenum","QB",5,34.19,6.838,37.08,7.416,-2.89000000000001,-0.578000000000001
"00-0029000","C.Beasley","WR",16,163.72,10.2325,157.3,9.83125,6.42,0.40125
"00-0029119","D.Carrier","TE",1,3.98,3.98,3.3,3.3,0.68,0.68
"00-0029239","B.Bolden","RB",16,144.32,9.02,122.1,7.63125,22.22,1.38875
"00-0029263","R.Wilson","QB",14,263.95,18.8535714285714,293.32,20.9514285714286,-29.37,-2.09785714285714
"00-0029269","T.Benjamin","WR",3,-3.3,-1.1,0,0,-3.3,-1.1
"00-0029293","M.Jones","WR",17,174,10.2352941176471,180.2,10.6,-6.2,-0.364705882352941
"00-0029567","N.Foles","QB",1,13.04,13.04,16.9,16.9,-3.86000000000001,-3.86000000000001
"00-0029604","K.Cousins","QB",16,378.44,23.6525,371.84,23.24,6.59999999999997,0.412499999999998
"00-0029608","T.Hilton","WR",10,72.68,7.268,74.1,7.41,-1.42,-0.142
"00-0029632","M.Sanu","WR",8,31.86,3.9825,32.7,4.0875,-0.84,-0.105
"00-0029664","J.Gordon","WR",9,9.96,1.10666666666667,14.2,1.57777777777778,-4.24,-0.471111111111111
"00-0029701","R.Tannehill","QB",17,298.05,17.5323529411765,317.26,18.6623529411765,-19.21,-1.13
"00-0029738","D.Fells","TE",3,9,3,8.3,2.76666666666667,0.7,0.233333333333333
"00-0029892","K.Juszczyk","FB",15,80.04,5.336,73.8,4.92,6.24,0.416
"00-0030035","A.Thielen","WR",13,204.22,15.7092307692308,199.8,15.3692307692308,4.42,0.34
"00-0030061","Z.Ertz","TE",17,180.36,10.6094117647059,180.7,10.6294117647059,-0.340000000000003,-0.0200000000000002
"00-0030068","M.Goodwin","WR",14,50.74,3.62428571428571,57.2,4.08571428571429,-6.46,-0.461428571428572
"00-0030085","K.Stills","WR",7,9.78,1.39714285714286,18.9,2.7,-9.12,-1.30285714285714
"00-0030108","R.Griffin","TE",14,64.38,4.59857142857143,65.1,4.65,-0.720000000000001,-0.0514285714285715
"00-0030155","D.Harris","TE",3,3.04,1.01333333333333,4,1.33333333333333,-0.96,-0.32
"00-0030181","J.Doyle","TE",15,76.5,5.1,77.2,5.14666666666667,-0.700000000000002,-0.0466666666666668
"00-0030279","K.Allen","WR",16,255.52,15.97,255.8,15.9875,-0.280000000000005,-0.0175000000000003
"00-0030288","R.Burkhead","RB",14,132.8,9.48571428571429,104.3,7.45,28.5,2.03571428571429
"00-0030431","R.Woods","WR",9,136.76,15.1955555555556,135.2,15.0222222222222,1.56,0.173333333333333
"00-0030456","G.Bernard","RB",10,66.44,6.644,59.1,5.91,7.34,0.734
"00-0030465","K.Barner","RB",1,0,0,0,0,0,0
"00-0030496","L.Bell","RB",8,42.54,5.3175,36.1,4.5125,6.44,0.805
"00-0030506","T.Kelce","TE",16,268.54,16.78375,264.8,16.55,3.74,0.23375
"00-0030513","L.Murray","RB",14,135.08,9.64857142857143,103.6,7.4,31.48,2.24857142857143
"00-0030520","M.Glennon","QB",6,12.38,2.06333333333333,44.9,7.48333333333333,-32.52,-5.42
"00-0030525","T.Austin","WR",11,54.24,4.93090909090909,53.4,4.85454545454545,0.839999999999999,0.0763636363636363
"00-0030564","D.Hopkins","WR",10,146.96,14.696,147.2,14.72,-0.240000000000002,-0.0240000000000002
"00-0030565","G.Smith","QB",4,56.37,14.0925,66.48,16.62,-10.11,-2.5275
"00-0030578","C.Patterson","RB",16,277.14,17.32125,234.6,14.6625,42.54,2.65875
"00-0030663","W.Snead","WR",7,6.52,0.931428571428571,7.8,1.11428571428571,-1.28,-0.182857142857143
"00-0030669","A.Wilson","WR",10,45.28,4.528,48,4.8,-2.72,-0.272
"00-0030874","D.Williams","RB",10,71.36,7.136,60.7,6.07,10.66,1.066
"00-0030968","K.Smith","FB",9,21.96,2.44,17.7,1.96666666666667,4.26,0.473333333333333
"00-0031045","C.Hyde","RB",11,63.12,5.73818181818182,49.8,4.52727272727273,13.32,1.21090909090909
"00-0031051","J.Brown","WR",3,-1.98,-0.66,0,0,-1.98,-0.66
"00-0031062","J.White","RB",3,36.24,12.08,31.2,10.4,5.04,1.68
"00-0031235","O.Beckham","WR",14,119.16,8.51142857142857,129.1,9.22142857142857,-9.94,-0.71
"00-0031236","B.Cooks","WR",16,234.42,14.65125,231.6,14.475,2.82,0.17625
"00-0031237","T.Bridgewater","QB",14,225.25,16.0892857142857,239.28,17.0914285714286,-14.03,-1.00214285714286
"00-0031260","L.Thomas","TE",5,57.1,11.42,55.6,11.12,1.5,0.3
"00-0031273","C.Brate","TE",16,70.88,4.43,78.5,4.90625,-7.62,-0.47625
"00-0031280","D.Carr","QB",17,321.24,18.8964705882353,313.96,18.4682352941176,7.27999999999996,0.428235294117645
"00-0031285","D.Freeman","RB",16,187.44,11.715,146.6,9.1625,40.84,2.5525
"00-0031319","D.Spencer","WR",4,-0.94,-0.235,0.7,0.175,-1.64,-0.41
"00-0031325","S.Watkins","WR",11,67.06,6.09636363636364,72.4,6.58181818181818,-5.34,-0.485454545454546
"00-0031345","J.Garoppolo","QB",15,274.49,18.2993333333333,272.3,18.1533333333333,2.18999999999997,0.145999999999998
"00-0031376","J.McKinnon","RB",7,38.52,5.50285714285714,35,5,3.52,0.502857142857143
"00-0031381","D.Adams","WR",16,355.76,22.235,344.3,21.51875,11.46,0.71625
"00-0031382","J.Landry","WR",12,131.98,10.9983333333333,137,11.4166666666667,-5.02,-0.418333333333334
"00-0031384","R.Rodgers","TE",1,3.78,3.78,3.1,3.1,0.68,0.68
"00-0031387","E.Ebron","TE",8,32.68,4.085,32.5,4.0625,0.18,0.0225
"00-0031395","G.Gilbert","QB",1,5.76,5.76,7.76,7.76,-2,-2
"00-0031408","M.Evans","WR",16,261.86,16.36625,262.5,16.40625,-0.640000000000003,-0.0400000000000002
"00-0031428","A.Robinson","WR",12,78.78,6.565,85,7.08333333333333,-6.22,-0.518333333333333
"00-0031484","C.Manhertz","TE",8,19.16,2.395,19.1,2.3875,0.0599999999999997,0.00749999999999997
"00-0031503","J.Winston","QB",7,132.39,18.9128571428571,148.2,21.1714285714286,-15.81,-2.25857142857143
"00-0031544","A.Cooper","WR",15,201.86,13.4573333333333,202.5,13.5,-0.640000000000003,-0.0426666666666669
"00-0031545","K.White","WR",3,2.5,0.833333333333333,4.8,1.6,-2.3,-0.766666666666667
"00-0031547","D.Parker","WR",9,95.32,10.5911111111111,103.5,11.5,-8.18,-0.908888888888889
"00-0031549","N.Agholor","WR",14,98.82,7.05857142857143,103.4,7.38571428571429,-4.58,-0.327142857142857
"00-0031558","M.Williams","TE",5,46.08,9.216,41.3,8.26,4.78,0.956
"00-0031585","M.Pruitt","TE",10,47.96,4.796,46.5,4.65,1.46,0.146
"00-0031588","S.Diggs","WR",17,278.26,16.3682352941176,285.5,16.7941176470588,-7.24,-0.425882352941177
"00-0031595","M.Burton","FB",9,17.28,1.92,14.7,1.63333333333333,2.58,0.286666666666667
"00-0031598","N.Boyle","TE",2,0.88,0.44,1.2,0.6,-0.32,-0.16
"00-0031610","D.Waller","TE",11,127.12,11.5563636363636,133.5,12.1363636363636,-6.38,-0.58
"00-0031687","R.Mostert","RB",1,3.2,3.2,2,2,1.2,1.2
"00-0031690","E.Tomlinson","TE",1,2.04,2.04,1.7,1.7,0.34,0.34
"00-0031763","D.Carter","WR",15,80.8,5.38666666666667,80.5,5.36666666666667,0.299999999999999,0.0199999999999999
"00-0031787","J.Kumerow","WR",4,2.18,0.545,4.8,1.2,-2.62,-0.655
"00-0031800","T.Heinicke","QB",16,245.07,15.316875,265.76,16.61,-20.69,-1.293125
"00-0031806","M.Brown","RB",6,29.7,4.95,22.5,3.75,7.2,1.2
"00-0031868","D.Byrd","WR",11,65.16,5.92363636363636,64.9,5.9,0.259999999999999,0.0236363636363636
"00-0031934","D.Smith","WR",1,-0.66,-0.66,0,0,-0.66,-0.66
"00-0031941","J.Crowder","WR",12,107.52,8.96,107.7,8.975,-0.180000000000002,-0.0150000000000002
"00-0031951","J.O'Shaughnessy","TE",7,49.3,7.04285714285714,48.4,6.91428571428571,0.9,0.128571428571429
"00-0032009","A.Humphries","WR",17,79.38,4.66941176470588,79.3,4.66470588235294,0.0799999999999985,0.00470588235294109
"00-0032054","B.Perriman","WR",5,32.34,6.468,33.4,6.68,-1.06,-0.212
"00-0032058","T.Coleman","RB",11,73.3,6.66363636363636,51.5,4.68181818181818,21.8,1.98181818181818
"00-0032062","B.Bell","TE",11,19.72,1.79272727272727,18.7,1.7,1.02,0.0927272727272727
"00-0032063","M.Davis","RB",17,180.1,10.5941176470588,144.2,8.48235294117647,35.9,2.11176470588235
"00-0032098","D.Brown","TE",1,5.58,5.58,4.9,4.9,0.68,0.68
"00-0032104","A.Abdullah","RB",15,102.48,6.832,89.5,5.96666666666667,12.98,0.865333333333333
"00-0032128","C.Conley","WR",14,64.36,4.59714285714286,66.6,4.75714285714286,-2.24,-0.16
"00-0032134","C.Uzomah","TE",16,135.72,8.4825,128.3,8.01875,7.42,0.46375
"00-0032135","J.James","TE",4,20.92,5.23,19.2,4.8,1.72,0.43
"00-0032141","G.Swaim","TE",16,74.6,4.6625,70,4.375,4.6,0.2875
"00-0032144","M.Gordon","RB",16,259.1,16.19375,201.1,12.56875,58,3.625
"00-0032156","T.Siemian","QB",6,84.2,14.0333333333333,114.56,19.0933333333333,-30.36,-5.06
"00-0032160","T.Williams","WR",1,3.42,3.42,3.4,3.4,0.02,0.02
"00-0032187","D.Johnson","RB",13,101.26,7.78923076923077,83.3,6.40769230769231,17.96,1.38153846153846
"00-0032200","T.Montgomery","WR",11,31.38,2.85272727272727,29.9,2.71818181818182,1.48,0.134545454545454
"00-0032208","P.Dorsett","WR",5,15.76,3.152,18,3.6,-2.24,-0.448
"00-0032211","T.Lockett","WR",16,241.66,15.10375,239.4,14.9625,2.26,0.14125
"00-0032214","T.Kroft","TE",9,38.8,4.31111111111111,39.3,4.36666666666667,-0.500000000000001,-0.0555555555555556
"00-0032245","S.Mannion","QB",1,12.1,12.1,14.96,14.96,-2.86,-2.86
"00-0032257","D.Johnson","RB",5,79.6,15.92,59.1,11.82,20.5,4.1
"00-0032268","M.Mariota","QB",7,19.73,2.81857142857143,14.86,2.12285714285714,4.87,0.695714285714286
"00-0032355","C.Rogers","WR",16,69.16,4.3225,67,4.1875,2.16,0.135
"00-0032385","S.Shepard","WR",7,78.18,11.1685714285714,77.7,11.1,0.479999999999999,0.0685714285714284
"00-0032392","A.Hooper","TE",15,87.58,5.83866666666667,90.5,6.03333333333333,-2.92,-0.194666666666667
"00-0032394","N.Vannett","TE",7,27.4,3.91428571428571,28.3,4.04285714285714,-0.9,-0.128571428571429
"00-0032398","C.Moore","WR",8,62.18,7.7725,55.7,6.9625,6.48,0.81
"00-0032426","A.Collins","RB",11,97.86,8.89636363636364,70.8,6.43636363636364,27.06,2.46
"00-0032434","B.Allen","QB",4,4.33,1.0825,18.16,4.54,-13.83,-3.4575
"00-0032450","D.Washington","RB",3,6.44,2.14666666666667,4.8,1.6,1.64,0.546666666666667
"00-0032464","K.Raymond","WR",16,135.22,8.45125,132.4,8.275,2.82,0.17625
"00-0032543","A.Erickson","WR",4,8.86,2.215,8.5,2.125,0.36,0.09
"00-0032602","J.McKissic","RB",11,147.98,13.4527272727273,127.9,11.6272727272727,20.08,1.82545454545455
"00-0032626","G.Allison","WR",1,-1.32,-1.32,0,0,-1.32,-1.32
"00-0032688","R.Anderson","WR",17,121.06,7.12117647058824,138.5,8.14705882352941,-17.44,-1.02588235294118
"00-0032725","S.Anderson","TE",11,41.96,3.81454545454545,38.5,3.5,3.46,0.314545454545455
"00-0032741","P.Barber","RB",9,64.04,7.11555555555556,49.9,5.54444444444445,14.14,1.57111111111111
"00-0032764","D.Henry","RB",8,254.97,31.87125,193.3,24.1625,61.67,7.70875
"00-0032775","D.Robinson","WR",14,67.34,4.81,69.4,4.95714285714286,-2.06,-0.147142857142857
"00-0032778","T.Sharpe","WR",14,48.58,3.47,48,3.42857142857143,0.579999999999999,0.0414285714285714
"00-0032780","J.Howard","RB",7,85.56,12.2228571428571,62.5,8.92857142857143,23.06,3.29428571428571
"00-0032782","W.Smallwood","RB",2,10.9,5.45,8.7,4.35,2.2,1.1
"00-0032791","J.Grant","WR",7,41.26,5.89428571428571,39.5,5.64285714285714,1.76,0.251428571428571
"00-0032813","E.Penny","RB",11,40.26,3.66,33.9,3.08181818181818,6.36,0.578181818181818
"00-0032881","T.Lewis","WR",1,1.38,1.38,1.7,1.7,-0.32,-0.32
"00-0032897","D.Watt","FB",4,5.68,1.42,4.6,1.15,1.08,0.27
"00-0032918","C.Ham","FB",15,40.06,2.67066666666667,32.9,2.19333333333333,7.16,0.477333333333333
"00-0032950","C.Wentz","QB",17,280.3,16.4882352941176,319.32,18.7835294117647,-39.02,-2.29529411764706
"00-0032951","L.Treadwell","WR",12,81.74,6.81166666666667,82.4,6.86666666666667,-0.660000000000001,-0.0550000000000001
"00-0032956","A.Janovich","FB",5,9.6,1.92,9.9,1.98,-0.3,-0.06
"00-0032972","D.Booker","RB",16,189.98,11.87375,144.1,9.00625,45.88,2.8675
"00-0032975","J.Williams","RB",5,25.48,5.096,20.7,4.14,4.78,0.956
"00-0032977","R.Higgins","WR",12,50.48,4.20666666666667,57.5,4.79166666666667,-7.02,-0.585
"00-0032980","M.Johnson","WR",7,21.14,3.02,24.8,3.54285714285714,-3.66,-0.522857142857143
"00-0033006","J.Mickens","WR",2,3.02,1.51,3,1.5,0.0199999999999999,0.00999999999999995
"00-0033009","T.Boyd","WR",16,190.11,11.881875,183.84,11.49,6.27,0.391875
"00-0033025","J.Richard","RB",8,28.36,3.545,23.2,2.9,5.16,0.645
"00-0033040","T.Hill","WR",17,310.32,18.2541176470588,298.5,17.5588235294118,11.82,0.695294117647059
"00-0033045","E.Elliott","RB",17,311.53,18.3252941176471,246.66,14.5094117647059,64.87,3.81588235294118
"00-0033077","D.Prescott","QB",16,424.18,26.51125,400.16,25.01,24.0199999999999,1.50125
"00-0033090","H.Henry","TE",16,164.8,10.3,164.3,10.26875,0.499999999999998,0.0312499999999999
"00-0033094","M.Hall","WR",1,2.34,2.34,2,2,0.34,0.34
"00-0033095","G.Griffin","TE",2,9.26,4.63,7.9,3.95,1.36,0.68
"00-0033106","J.Goff","QB",14,225.52,16.1085714285714,236.5,16.8928571428571,-10.98,-0.784285714285717
"00-0033110","T.Higbee","TE",15,151.9,10.1266666666667,147,9.8,4.9,0.326666666666666
"00-0033111","P.Cooper","WR",6,4.52,0.753333333333333,7.6,1.26666666666667,-3.08,-0.513333333333333
"00-0033114","M.Thomas","WR",7,7.94,1.13428571428571,10.2,1.45714285714286,-2.26,-0.322857142857143
"00-0033118","K.Drake","RB",12,121.34,10.1116666666667,102.5,8.54166666666667,18.84,1.57
"00-0033119","J.Brissett","QB",10,60.33,6.033,86.42,8.642,-26.09,-2.609
"00-0033127","W.Fuller","WR",2,4.66,2.33,6.6,3.3,-1.94,-0.97
"00-0033215","C.Grayson","WR",3,47.52,15.84,44.6,14.8666666666667,2.92,0.973333333333333
"00-0033217","M.Alie-Cox","TE",17,73.9,4.34705882352941,79.6,4.68235294117647,-5.7,-0.335294117647059
"00-0033246","J.Mundt","TE",1,2.24,2.24,1.9,1.9,0.34,0.34
"00-0033251","Z.Pascal","WR",16,90.22,5.63875,96.5,6.03125,-6.28,-0.3925
"00-0033258","D.Daniels","TE",3,-0.64,-0.213333333333333,1,0.333333333333333,-1.64,-0.546666666666667
"00-0033275","P.Walker","QB",5,-3.88,-0.776000000000001,15.88,3.176,-19.76,-3.952
"00-0033280","C.McCaffrey","RB",7,163.96,23.4228571428571,127.5,18.2142857142857,36.46,5.20857142857143
"00-0033282","C.Samuel","WR",5,10.52,2.104,9.8,1.96,0.72,0.144
"00-0033288","G.Kittle","TE",14,210.16,15.0114285714286,200,14.2857142857143,10.16,0.725714285714286
"00-0033292","T.Taylor","WR",1,5.46,5.46,6.1,6.1,-0.64,-0.64
"00-0033293","A.Jones","RB",15,288.04,19.2026666666667,231,15.4,57.04,3.80266666666667
"00-0033296","A.Armah","FB",5,10.8,2.16,9.2,1.84,1.6,0.32
"00-0033307","K.Bourne","WR",17,201.45,11.85,184.5,10.8529411764706,16.95,0.997058823529412
"00-0033308","M.Breida","RB",7,53.26,7.60857142857143,44.7,6.38571428571429,8.56,1.22285714285714
"00-0033319","N.Mullens","QB",1,15.88,15.88,11.88,11.88,4,4
"00-0033338","C.Carter","TE",2,4.28,2.14,3.6,1.8,0.68,0.34
"00-0033357","T.Hill","QB",12,131.38,10.9483333333333,130.02,10.835,1.35999999999999,0.113333333333333
"00-0033367","C.Board","WR",4,10.1,2.525,9.7,2.425,0.4,0.1
"00-0033375","T.Patrick","WR",16,153.3,9.58125,156.4,9.775,-3.1,-0.19375
"00-0033376","P.Ricard","FB",7,20.36,2.90857142857143,20.7,2.95714285714286,-0.34,-0.0485714285714286
"00-0033386","C.Hollister","WR",3,6.68,2.22666666666667,7.3,2.43333333333333,-0.62,-0.206666666666667
"00-0033387","J.Hollister","TE",6,19.6,3.26666666666667,20.5,3.41666666666667,-0.9,-0.15
"00-0033421","A.Auclair","TE",4,17.4,4.35,15.7,3.925,1.7,0.425
"00-0033439","P.Brown","TE",12,40.66,3.38833333333333,40.1,3.34166666666667,0.559999999999999,0.0466666666666666
"00-0033455","A.Firkser","TE",15,80.72,5.38133333333333,75.1,5.00666666666667,5.62,0.374666666666667
"00-0033460","J.Ross","WR",9,39.76,4.41777777777778,41,4.55555555555556,-1.24,-0.137777777777778
"00-0033466","I.McKenzie","WR",11,60.16,5.46909090909091,54.5,4.95454545454545,5.66,0.514545454545455
"00-0033471","I.Ford","WR",10,40.88,4.088,40.1,4.01,0.78,0.078
"00-0033481","M.Kemp","WR",5,3.1,0.62,4.4,0.88,-1.3,-0.26
"00-0033526","S.Perine","RB",15,104.5,6.96666666666667,83.2,5.54666666666667,21.3,1.42
"00-0033528","J.Sprinkle","TE",2,7.12,3.56,6.1,3.05,1.02,0.51
"00-0033536","M.Williams","WR",16,234.8,14.675,244.6,15.2875,-9.8,-0.6125
"00-0033553","J.Conner","RB",15,313.18,20.8786666666667,256.8,17.12,56.38,3.75866666666667
"00-0033555","M.Hollins","WR",13,55.16,4.24307692307692,60.3,4.63846153846154,-5.14,-0.395384615384615
"00-0033572","J.Agnew","WR",7,74.26,10.6085714285714,70,10,4.26,0.608571428571429
"00-0033576","E.Saubert","TE",7,18.78,2.68285714285714,18.7,2.67142857142857,0.0799999999999995,0.0114285714285714
"00-0033589","D.Moore","WR",1,-1.32,-1.32,0,0,-1.32,-1.32
"00-0033591","N.Brown","WR",9,33.9,3.76666666666667,34.4,3.82222222222222,-0.500000000000001,-0.0555555555555556
"00-0033594","C.Carson","RB",4,66.06,16.515,50.1,12.525,15.96,3.99
"00-0033611","R.Seals-Jones","TE",11,65.44,5.94909090909091,69.1,6.28181818181818,-3.66,-0.332727272727273
"00-0033658","B.Jarwin","TE",7,32.38,4.62571428571429,32.6,4.65714285714286,-0.22,-0.0314285714285715
"00-0033662","C.Rush","QB",4,30.02,7.505,33.28,8.32,-3.26000000000001,-0.815000000000002
"00-0033681","K.Cole","WR",14,71.58,5.11285714285714,78.9,5.63571428571429,-7.32,-0.522857142857143
"00-0033699","A.Ekeler","RB",16,407.76,25.485,345.8,21.6125,61.96,3.8725
"00-0033720","C.Thompson","TE",1,-0.66,-0.66,0,0,-0.66,-0.66
"00-0033725","C.Clement","RB",5,38.68,7.736,28.9,5.78,9.78,1.956
"00-0033733","G.Ward","WR",7,33.97,4.85285714285714,34.58,4.94,-0.61,-0.0871428571428572
"00-0033757","R.Tonyan","TE",8,49.26,6.1575,50.4,6.3,-1.14,-0.1425
"00-0033839","D.Westbrook","WR",8,16.9,2.1125,16.8,2.1,0.0999999999999996,0.0125
"00-0033854","D.Ogunbowale","RB",10,57.46,5.746,50.1,5.01,7.36,0.736
"00-0033856","L.Fournette","RB",14,316.88,22.6342857142857,255.6,18.2571428571429,61.28,4.37714285714286
"00-0033857","J.Smith-Schuster","WR",5,31.86,6.372,34.8,6.96,-2.94,-0.588
"00-0033858","J.Smith","TE",15,68.1,4.54,67.4,4.49333333333333,0.699999999999998,0.0466666666666666
"00-0033869","M.Trubisky","QB",4,13.06,3.265,9.12,2.28,3.94,0.985
"00-0033871","C.Davis","WR",9,102.26,11.3622222222222,107.2,11.9111111111111,-4.94,-0.548888888888889
"00-0033873","P.Mahomes","QB",17,469.48,27.6164705882353,441.26,25.9564705882353,28.22,1.66
"00-0033879","O.Howard","TE",9,33.64,3.73777777777778,33.5,3.72222222222222,0.14,0.0155555555555555
"00-0033881","E.Engram","TE",15,102.14,6.80933333333333,104.5,6.96666666666667,-2.36,-0.157333333333333
"00-0033885","D.Njoku","TE",15,108.68,7.24533333333333,107.6,7.17333333333333,1.08,0.0719999999999999
"00-0033891","Z.Jones","WR",15,108.88,7.25866666666667,107.9,7.19333333333333,0.979999999999998,0.0653333333333332
"00-0033893","D.Cook","RB",13,279.5,21.5,208.3,16.0230769230769,71.2,5.47692307692308
"00-0033895","G.Everett","TE",15,129.42,8.628,121.8,8.12,7.62,0.508
"00-0033896","A.Shaheen","TE",7,24.44,3.49142857142857,23,3.28571428571429,1.44,0.205714285714286
"00-0033897","J.Mixon","RB",16,372.52,23.2825,289.9,18.11875,82.62,5.16375
"00-0033906","A.Kamara","RB",13,291.36,22.4123076923077,234.7,18.0538461538462,56.66,4.35846153846154
"00-0033908","C.Kupp","WR",17,455.86,26.8152941176471,437.5,25.7352941176471,18.36,1.08
"00-0033921","C.Godwin","WR",14,261.84,18.7028571428571,246.4,17.6,15.44,1.10285714285714
"00-0033923","K.Hunt","RB",8,135.14,16.8925,107.8,13.475,27.34,3.4175
"00-0033925","D.Foreman","RB",9,131.6,14.6222222222222,95.9,10.6555555555556,35.7,3.96666666666667
"00-0033932","K.Golladay","WR",14,75.28,5.37714285714286,89.1,6.36428571428571,-13.82,-0.987142857142857
"00-0033936","C.Beathard","QB",2,2.94,1.47,1.52,0.76,1.42,0.71
"00-0033943","J.Reynolds","WR",10,77.26,7.726,80.6,8.06,-3.34,-0.334
"00-0033948","J.Williams","RB",13,163.38,12.5676923076923,119.8,9.21538461538461,43.58,3.35230769230769
"00-0033950","W.Gallman","RB",6,18.76,3.12666666666667,13.5,2.25,5.26,0.876666666666667
"00-0033951","M.Mack","RB",5,17.66,3.532,12.9,2.58,4.76,0.952
"00-0033955","J.McNichols","RB",13,85.88,6.60615384615385,73.6,5.66153846153846,12.28,0.944615384615385
"00-0033957","R.Adams","WR",1,-0.66,-0.66,0,0,-0.66,-0.66
"00-0033958","N.Peterman","QB",1,0.32,0.32,0.2,0.2,0.12,0.12
"00-0034011","D.Arnold","TE",10,75.82,7.582,75.8,7.58,0.0199999999999981,0.00199999999999981
"00-0034052","B.Zylstra","WR",9,49.5,5.5,49,5.44444444444444,0.499999999999999,0.0555555555555555
"00-0034073","R.Dwelley","TE",3,15.8,5.26666666666667,15.1,5.03333333333333,0.7,0.233333333333333
"00-0034104","C.Sims","WR",10,49.04,4.904,48.8,4.88,0.239999999999999,0.0239999999999999
"00-0034109","P.Lindsay","RB",14,61.04,4.36,45.4,3.24285714285714,15.64,1.11714285714286
"00-0034115","J.Wilson","RB",6,70.86,11.81,51.5,8.58333333333333,19.36,3.22666666666667
"00-0034132","C.Blake","WR",6,4.56,0.76,6.5,1.08333333333333,-1.94,-0.323333333333333
"00-0034159","W.Dissly","TE",12,53.94,4.495,50.1,4.175,3.84,0.32
"00-0034164","T.Cannon","RB",2,0.64,0.32,0.4,0.2,0.24,0.12
"00-0034171","J.Cabinda","FB",7,14.66,2.09428571428571,13.9,1.98571428571429,0.76,0.108571428571429
"00-0034177","T.Boyle","QB",3,34.93,11.6433333333333,28.44,9.48,6.48999999999999,2.16333333333333
"00-0034193","K.Rader","TE",2,2.82,1.41,2.8,1.4,0.0199999999999999,0.00999999999999995
"00-0034208","M.Boone","RB",2,10.48,5.24,7.7,3.85,2.78,1.39
"00-0034253","D.Hilliard","RB",7,97.54,13.9342857142857,74.7,10.6714285714286,22.84,3.26285714285714
"00-0034270","T.Conklin","TE",17,141.88,8.34588235294118,138.3,8.13529411764706,3.58,0.210588235294118
"00-0034272","M.Valdes-Scantling","WR",11,76.04,6.91272727272727,87,7.90909090909091,-10.96,-0.996363636363637
"00-0034279","E.St. Brown","WR",9,18.82,2.09111111111111,20.2,2.24444444444444,-1.38,-0.153333333333333
"00-0034297","B.Pringle","WR",16,131.2,8.2,128.8,8.05,2.4,0.15
"00-0034301","Da.Williams","RB",17,238.86,14.0505882352941,196,11.5294117647059,42.86,2.52117647058824
"00-0034311","J.Stanton","FB",3,10.18,3.39333333333333,9.2,3.06666666666667,0.98,0.326666666666667
"00-0034317","K.Kirkwood","WR",3,3.08,1.02666666666667,4.7,1.56666666666667,-1.62,-0.54
"00-0034319","D.Yelder","TE",1,1.34,1.34,1,1,0.34,0.34
"00-0034331","J.Samuels","RB",2,6.2,3.1,5.3,2.65,0.9,0.45
"00-0034343","J.Rosen","QB",3,-10.94,-3.64666666666667,-3.24,-1.08,-7.7,-2.56666666666667
"00-0034348","C.Sutton","WR",17,140.89,8.28764705882353,148.24,8.72,-7.35,-0.432352941176471
"00-0034351","D.Goedert","TE",15,168.18,11.212,163,10.8666666666667,5.18,0.345333333333333
"00-0034353","A.Miller","WR",3,12.58,4.19333333333333,14.5,4.83333333333333,-1.92,-0.64
"00-0034364","J.Akins","TE",12,48.1,4.00833333333333,45.7,3.80833333333333,2.4,0.2
"00-0034365","I.Thomas","TE",14,35,2.5,36.8,2.62857142857143,-1.8,-0.128571428571429
"00-0034366","K.Coutee","WR",1,1.84,1.84,1.5,1.5,0.34,0.34
"00-0034367","N.Hines","RB",17,134.54,7.91411764705882,115.6,6.8,18.94,1.11411764705882
"00-0034378","I.Smith","RB",1,6.64,6.64,6.4,6.4,0.239999999999999,0.239999999999999
"00-0034383","D.Schultz","TE",17,214.84,12.6376470588235,206.8,12.1647058823529,8.04,0.472941176470588
"00-0034401","M.White","QB",4,56.14,14.035,52.42,13.105,3.71999999999999,0.929999999999997
"00-0034407","R.McCloud","WR",14,64.54,4.61,68.2,4.87142857142857,-3.66,-0.261428571428572
"00-0034411","R.Gage","WR",13,171.06,13.1584615384615,167.1,12.8538461538462,3.96,0.304615384615385
"00-0034414","B.Scott","RB",9,125.42,13.9355555555556,100.6,11.1777777777778,24.82,2.75777777777778
"00-0034418","C.Wilson","WR",14,152.51,10.8935714285714,145.82,10.4157142857143,6.69,0.477857142857143
"00-0034419","B.Berrios","WR",15,120.4,8.02666666666667,114.9,7.66,5.5,0.366666666666667
"00-0034433","N.Bawden","FB",1,3.34,3.34,3,3,0.34,0.34
"00-0034440","J.Jackson","RB",13,115.54,8.88769230769231,88.2,6.78461538461538,27.34,2.10307692307692
"00-0034449","B.Howell","RB",1,1.76,1.76,1.1,1.1,0.66,0.66
"00-0034487","T.Sherfield","WR",9,19.5,2.16666666666667,23.7,2.63333333333333,-4.2,-0.466666666666667
"00-0034521","A.Lazard","WR",14,144.82,10.3442857142857,142.5,10.1785714285714,2.32,0.165714285714286
"00-0034577","K.Allen","QB",2,8.36,4.18,11.9,5.95,-3.54,-1.77
"00-0034578","R.Bonnafon","RB",1,4.52,4.52,3.6,3.6,0.92,0.92
"00-0034597","R.Nall","RB",2,2.38,1.19,1.8,0.9,0.58,0.29
"00-0034614","G.Igwebuike","RB",8,38.28,4.785,30.8,3.85,7.48,0.935
"00-0034631","V.Smith","WR",1,-0.66,-0.66,0,0,-0.66,-0.66
"00-0034652","C.Batson","WR",3,10.6,3.53333333333333,11,3.66666666666667,-0.4,-0.133333333333333
"00-0034672","E.Wolf","TE",1,3.48,3.48,2.8,2.8,0.68,0.68
"00-0034676","J.Washington","WR",15,61.54,4.10266666666667,65.8,4.38666666666667,-4.26,-0.284
"00-0034681","C.Edmonds","RB",12,188.84,15.7366666666667,145.3,12.1083333333333,43.54,3.62833333333333
"00-0034686","A.Tate","WR",4,13.26,3.315,12.9,3.225,0.36,0.09
"00-0034735","C.McElroy","TE",1,-0.66,-0.66,0,0,-0.66,-0.66
"00-0034750","R.Penny","RB",10,167.36,16.736,121.7,12.17,45.66,4.566
"00-0034753","M.Andrews","TE",17,299.82,17.6364705882353,297.1,17.4764705882353,2.71999999999999,0.16
"00-0034764","M.Gallup","WR",9,85.58,9.50888888888889,91.5,10.1666666666667,-5.92,-0.657777777777778
"00-0034765","T.Smith","WR",10,86.04,8.604,87.7,8.77,-1.66,-0.166
"00-0034766","C.Herndon","TE",5,13.38,2.676,14,2.8,-0.62,-0.124
"00-0034771","M.Rudolph","QB",2,24.47,12.235,20.48,10.24,3.99,1.995
"00-0034775","C.Kirk","WR",17,217.95,12.8205882352941,207.62,12.2129411764706,10.33,0.607647058823529
"00-0034777","D.Chark","WR",3,26.22,8.74,34.4,11.4666666666667,-8.18,-2.72666666666667
"00-0034791","N.Chubb","RB",14,296.34,21.1671428571429,217.3,15.5214285714286,79.04,5.64571428571429
"00-0034796","L.Jackson","QB",12,267.7,22.3083333333333,274.48,22.8733333333333,-6.78000000000002,-0.565000000000002
"00-0034798","D.Smythe","TE",15,77.12,5.14133333333333,70,4.66666666666667,7.12,0.474666666666667
"00-0034799","K.Ballage","RB",8,5.94,0.7425,6.4,0.8,-0.460000000000001,-0.0575000000000001
"00-0034808","J.Kelly","RB",1,2.08,2.08,1.3,1.3,0.78,0.78
"00-0034816","R.Jones","RB",15,110.3,7.35333333333333,83.2,5.54666666666667,27.1,1.80666666666667
"00-0034827","Dj.Moore","WR",17,225.14,13.2435294117647,237.5,13.9705882352941,-12.36,-0.727058823529412
"00-0034829","M.Gesicki","TE",17,160.42,9.43647058823529,163,9.58823529411765,-2.58,-0.151764705882353
"00-0034830","H.Hurst","TE",12,71.64,5.97,66.1,5.50833333333333,5.54,0.461666666666667
"00-0034837","C.Ridley","WR",5,67.78,13.556,71.1,14.22,-3.32,-0.664
"00-0034838","R.Freeman","RB",11,44.18,4.01636363636364,34.6,3.14545454545455,9.58,0.870909090909091
"00-0034844","S.Barkley","RB",13,189.56,14.5815384615385,150.6,11.5846153846154,38.96,2.99692307692308
"00-0034845","S.Michel","RB",17,198.22,11.66,148.3,8.72352941176471,49.92,2.93647058823529
"00-0034854","K.Hodge","WR",10,23.22,2.322,28.7,2.87,-5.48,-0.548
"00-0034855","B.Mayfield","QB",14,137.57,9.82642857142857,216.6,15.4714285714286,-79.03,-5.645
"00-0034857","J.Allen","QB",17,495.31,29.1358823529412,475.68,27.9811764705882,19.63,1.15470588235294
"00-0034860","D.Pettis","WR",2,25.43,12.715,25.34,12.67,0.089999999999999,0.0449999999999995
"00-0034867","M.Turner","WR",7,46.34,6.62,44.9,6.41428571428571,1.44,0.205714285714286
"00-0034869","S.Darnold","QB",12,120.31,10.0258333333333,182.38,15.1983333333333,-62.07,-5.1725
"00-0034899","J.Wolford","QB",2,-6.15,-3.075,-1.8,-0.9,-4.35,-2.175
"00-0034930","T.Benson","WR",7,14.98,2.14,19.5,2.78571428571429,-4.52,-0.645714285714286
"00-0034955","B.Rypien","QB",1,-2,-2,0,0,-2,-2
"00-0034960","J.Meyers","WR",16,184.66,11.54125,184.3,11.51875,0.359999999999997,0.0224999999999998
"00-0034972","A.Mattison","RB",16,163.62,10.22625,127.9,7.99375,35.72,2.2325
"00-0034981","F.Moreau","TE",12,86.26,7.18833333333333,85.3,7.10833333333333,0.959999999999999,0.0799999999999999
"00-0034983","H.Renfrow","WR",17,279.14,16.42,261.1,15.3588235294118,18.04,1.06117647058824
"00-0034988","K.Smith","TE",2,7.32,3.66,6.3,3.15,1.02,0.51
"00-0035021","A.Dulin","WR",14,45.9,3.27857142857143,45.5,3.25,0.399999999999999,0.0285714285714285
"00-0035022","P.Hart","WR",9,11.98,1.33111111111111,12.9,1.43333333333333,-0.92,-0.102222222222222
"00-0035040","D.Blough","QB",1,-1.04,-1.04,0.6,0.6,-1.64,-1.64
"00-0035045","D.Montgomery","WR",1,5.64,5.64,6.6,6.6,-0.96,-0.96
"00-0035099","K.Blasingame","FB",3,4.04,1.34666666666667,3,1,1.04,0.346666666666667
"00-0035101","D.Davis","WR",2,1.72,0.86,2.7,1.35,-0.98,-0.49
"00-0035125","A.Ingold","FB",7,26.74,3.82,24.6,3.51428571428571,2.14,0.305714285714286
"00-0035126","A.Wesley","WR",8,55.68,6.96,57.8,7.225,-2.12,-0.265
"00-0035140","M.Hardman","WR",17,151.88,8.93411764705882,144.9,8.52352941176471,6.98,0.410588235294118
"00-0035184","D.Ozigbo","RB",1,1.56,1.56,1.4,1.4,0.16,0.16
"00-0035187","A.Walter","RB",4,25.08,6.27,19,4.75,6.08,1.52
"00-0035208","O.Zaccheaus","WR",15,85.28,5.68533333333333,89.8,5.98666666666667,-4.52,-0.301333333333333
"00-0035215","D.Harris","WR",13,114.62,8.81692307692308,115.1,8.85384615384615,-0.480000000000002,-0.0369230769230771
"00-0035216","D.Johnson","WR",16,272.4,17.025,276.4,17.275,-4,-0.25
"00-0035217","B.Snell","RB",13,18.34,1.41076923076923,13.1,1.00769230769231,5.24,0.403076923076923
"00-0035222","Z.Gentry","TE",10,38.2,3.82,35.7,3.57,2.5,0.25
"00-0035228","K.Murray","QB",14,379.37,27.0978571428571,348.88,24.92,30.49,2.17785714285714
"00-0035229","T.Hockenson","TE",12,147.54,12.295,143.3,11.9416666666667,4.24,0.353333333333333
"00-0035243","M.Sanders","RB",12,166,13.8333333333333,117.2,9.76666666666667,48.8,4.06666666666667
"00-0035246","J.Arcega-Whiteside","WR",3,4.3,1.43333333333333,5.6,1.86666666666667,-1.3,-0.433333333333333
"00-0035249","J.Oliver","TE",10,14.7,1.47,15.6,1.56,-0.900000000000001,-0.0900000000000001
"00-0035250","D.Singletary","RB",17,257,15.1176470588235,197.8,11.6352941176471,59.2,3.48235294117647
"00-0035259","T.Wesco","TE",4,6.2,1.55,6.5,1.625,-0.3,-0.075
"00-0035261","T.Pollard","RB",15,207.72,13.848,156.6,10.44,51.12,3.408
"00-0035268","R.Armstead","RB",2,17.76,8.88,12.6,6.3,5.16,2.58
"00-0035273","Q.Ollison","RB",6,28.04,4.67333333333333,21.7,3.61666666666667,6.34,1.05666666666667
"00-0035289","G.Minshew","QB",3,39.73,13.2433333333333,41.76,13.92,-2.03,-0.676666666666667
"00-0035291","T.Williams","RB",2,9.24,4.62,6.5,3.25,2.74,1.37
"00-0035298","S.Miller","WR",5,20.74,4.148,19.1,3.82,1.64,0.328
"00-0035308","T.Sweeney","TE",7,20.48,2.92571428571429,19.4,2.77142857142857,1.08,0.154285714285714
"00-0035311","M.Gaskin","RB",17,219.74,12.9258823529412,175.6,10.3294117647059,44.14,2.59647058823529
"00-0035329","D.Parham","TE",12,58.52,4.87666666666667,57,4.75,1.52,0.126666666666667
"00-0035341","T.Irwin","WR",2,4.1,2.05,5.4,2.7,-1.3,-0.65
"00-0035342","P.Laird","RB",3,6.36,2.12,5.1,1.7,1.26,0.42
"00-0035345","C.Myarick","TE",4,9.74,2.435,10.7,2.675,-0.96,-0.24
"00-0035350","P.Williams","WR",6,9.66,1.61,13.8,2.3,-4.14,-0.69
"00-0035356","T.Jackson","TE",3,9.58,3.19333333333333,11.2,3.73333333333333,-1.62,-0.54
"00-0035359","D.Sills","WR",4,1.74,0.435,3.7,0.925,-1.96,-0.49
"00-0035399","S.Morgan","WR",3,2.94,0.98,3.4,1.13333333333333,-0.46,-0.153333333333333
"00-0035406","L.Humphrey","WR",7,50.36,7.19428571428571,49.9,7.12857142857143,0.46,0.0657142857142856
"00-0035414","J.Guyton","WR",16,98.56,6.16,97.2,6.075,1.36,0.0849999999999999
"00-0035428","D.Helm","TE",2,0.58,0.29,0.9,0.45,-0.32,-0.16
"00-0035432","J.Moore","WR",1,8.96,8.96,8.6,8.6,0.36,0.36
"00-0035448","D.Crockett","RB",1,1.12,1.12,0.7,0.7,0.42,0.42
"00-0035457","T.Johnson","WR",4,2.3,0.575,3.6,0.9,-1.3,-0.325
"00-0035480","M.Taylor","WR",1,3.42,3.42,3.4,3.4,0.02,0.02
"00-0035500","G.Dortch","WR",2,9.36,4.68,6.9,3.45,2.46,1.23
"00-0035510","J.Smith","WR",8,15.92,1.99,19.2,2.4,-3.28,-0.41
"00-0035527","A.Isabella","WR",1,2.64,2.64,2.3,2.3,0.34,0.34
"00-0035535","D.Slayton","WR",13,57.54,4.42615384615385,70.6,5.43076923076923,-13.06,-1.00461538461538
"00-0035537","T.Johnson","RB",15,130.98,8.732,119,7.93333333333333,11.98,0.798666666666667
"00-0035544","T.Kennedy","WR",6,20.45,3.40833333333333,20.4,3.4,0.0500000000000002,0.00833333333333336
"00-0035547","J.Fortson","TE",4,23.4,5.85,21.7,5.425,1.7,0.425
"00-0035562","J.Horsted","TE",3,16.12,5.37333333333333,16.1,5.36666666666667,0.0199999999999999,0.00666666666666664
"00-0035567","C.Reynolds","RB",5,50.72,10.144,35.2,7.04,15.52,3.104
"00-0035572","P.Hesse","TE",4,10.34,2.585,9.3,2.325,1.04,0.26
"00-0035593","J.Winfree","WR",5,13.22,2.644,13.8,2.76,-0.58,-0.116
"00-0035594","T.Homer","RB",12,69.22,5.76833333333333,55.8,4.65,13.42,1.11833333333333
"00-0035602","A.Bachman","WR",1,-0.48,-0.48,-0.3,-0.3,-0.18,-0.18
"00-0035603","K.Blanton","TE",4,7.08,1.77,7.7,1.925,-0.62,-0.155
"00-0035624","N.Harry","WR",9,27.88,3.09777777777778,30.4,3.37777777777778,-2.52,-0.28
"00-0035628","D.Johnson","RB",12,138.64,11.5533333333333,104.1,8.675,34.54,2.87833333333333
"00-0035631","D.Sample","TE",8,20.2,2.525,19.1,2.3875,1.1,0.1375
"00-0035639","P.Campbell","WR",6,29,4.83333333333333,32.2,5.36666666666667,-3.2,-0.533333333333333
"00-0035640","D.Metcalf","WR",17,234.52,13.7952941176471,244.3,14.3705882352941,-9.78,-0.575294117647059
"00-0035644","N.Fant","TE",16,166.94,10.43375,159,9.9375,7.94,0.49625
"00-0035645","G.Olszewski","WR",4,6.56,1.64,6,1.5,0.56,0.14
"00-0035657","D.Harris","RB",15,273.98,18.2653333333333,214.1,14.2733333333333,59.88,3.992
"00-0035659","T.McLaurin","WR",17,205.42,12.0835294117647,213.5,12.5588235294118,-8.08,-0.475294117647059
"00-0035662","M.Brown","WR",16,222.58,13.91125,228.3,14.26875,-5.72,-0.3575
"00-0035664","D.Henderson","RB",12,207.28,17.2733333333333,163.4,13.6166666666667,43.88,3.65666666666667
"00-0035676","A.Brown","WR",13,173.2,13.3230769230769,180.9,13.9153846153846,-7.7,-0.592307692307693
"00-0035685","D.Montgomery","RB",13,254.8,19.6,196.7,15.1307692307692,58.1,4.46923076923077
"00-0035689","D.Knox","TE",15,162.84,10.856,161.7,10.78,1.14,0.0759999999999999
"00-0035700","J.Jacobs","RB",15,294.08,19.6053333333333,230,15.3333333333333,64.08,4.272
"00-0035703","M.Boykin","WR",1,1.94,1.94,1.6,1.6,0.34,0.34
"00-0035704","D.Lock","QB",6,43.95,7.325,57.88,9.64666666666667,-13.93,-2.32166666666667
"00-0035710","D.Jones","QB",11,184.98,16.8163636363636,188.42,17.1290909090909,-3.44000000000004,-0.312727272727276
"00-0035715","D.Gore","RB",8,73.52,9.19,56.1,7.0125,17.42,2.1775
"00-0035719","D.Samuel","WR",16,362.85,22.678125,344.16,21.51,18.69,1.168125
"00-0035726","J.Johnson","FB",3,9,3,8.3,2.76666666666667,0.7,0.233333333333333
"00-0035752","C.Streveler","QB",2,-0.700000000000001,-0.350000000000001,2.04,1.02,-2.74,-1.37
"00-0035760","J.Patrick","RB",1,1.92,1.92,1.2,1.2,0.72,0.72
"00-0035771","M.Wilcox","TE",1,4.3,4.3,4.6,4.6,-0.3,-0.3
"00-0035806","J.Hasty","RB",10,59.44,5.944,51.5,5.15,7.94,0.794
"00-0035823","B.Ellefson","TE",1,-0.66,-0.66,0,0,-0.66,-0.66
"00-0035831","J.Robinson","RB",14,224.56,16.04,177.9,12.7071428571429,46.66,3.33285714285714
"00-0035835","N.Cottrell","RB",1,0.48,0.48,0.3,0.3,0.18,0.18
"00-0035844","K.Merritt","WR",1,1.32,1.32,2.3,2.3,-0.98,-0.98
"00-0035860","T.Jones","RB",10,30.34,3.034,22.1,2.21,8.24,0.824
"00-0035864","K.Hinton","WR",10,39.01,3.901,38.54,3.854,0.469999999999999,0.0469999999999999
"00-0035883","M.Ffrench","WR",1,0.48,0.48,0.3,0.3,0.18,0.18
"00-0035891","C.White","WR",3,9.34,3.11333333333333,8.3,2.76666666666667,1.04,0.346666666666667
"00-0035898","D.Bradwell","RB",1,-0.66,-0.66,0,0,-0.66,-0.66
"00-0035908","G.Nabers","FB",5,7,1.4,5.5,1.1,1.5,0.3
"00-0035924","J.Ward","RB",6,12.04,2.00666666666667,9.7,1.61666666666667,2.34,0.39
"00-0035956","G.Ricci","FB",2,-1.32,-0.66,0,0,-1.32,-0.66
"00-0035973","P.Taylor","RB",4,23.22,5.805,17.2,4.3,6.02,1.505
"00-0035993","T.Huntley","QB",7,91.06,13.0085714285714,94.94,13.5628571428571,-3.88000000000001,-0.554285714285715
"00-0036020","S.Ahmed","RB",11,47,4.27272727272727,38.6,3.50909090909091,8.4,0.763636363636364
"00-0036032","S.McKeon","TE",4,12.74,3.185,12.7,3.175,0.0399999999999998,0.00999999999999995
"00-0036040","J.Johnson","TE",12,51.38,4.28166666666667,52.9,4.40833333333333,-1.52,-0.126666666666667
"00-0036069","S.Phillips","RB",2,5,2.5,4.2,2.1,0.8,0.4
"00-0036080","E.Winston","WR",1,1.84,1.84,1.5,1.5,0.34,0.34
"00-0036096","J.Taylor","RB",5,24.08,4.816,20.5,4.1,3.58,0.716
"00-0036110","J.Bradley","WR",2,11.76,5.88,10.4,5.2,1.36,0.68
"00-0036133","J.Proche","WR",7,39,5.57142857142857,36.2,5.17142857142857,2.8,0.4
"00-0036173","T.Hudson","TE",4,5.14,1.285,6.1,1.525,-0.96,-0.24
"00-0036182","N.Westbrook-Ikhine","WR",15,109.98,7.332,109.6,7.30666666666667,0.379999999999999,0.0253333333333333
"00-0036183","K.Wilkerson","WR",1,18.92,18.92,20.2,20.2,-1.28,-1.28
"00-0036187","R.Gilliam","FB",6,5.48,0.913333333333333,5.6,0.933333333333333,-0.12,-0.02
"00-0036196","G.Davis","WR",15,119.32,7.95466666666667,125.9,8.39333333333333,-6.58,-0.438666666666667
"00-0036197","J.Fromm","QB",3,-8.65,-2.88333333333333,14.9,4.96666666666667,-23.55,-7.85
"00-0036212","T.Tagovailoa","QB",13,227.15,17.4730769230769,213.92,16.4553846153846,13.23,1.01769230769231
"00-0036219","M.Callaway","WR",17,142.36,8.37411764705882,151.8,8.92941176470588,-9.44,-0.555294117647059
"00-0036223","J.Taylor","RB",17,491.44,28.9082352941176,377.1,22.1823529411765,114.34,6.72588235294118
"00-0036226","J.Eason","QB",1,-2.7,-2.7,-1,-1,-1.7,-1.7
"00-0036228","D.Patmon","WR",4,9.46,2.365,10.1,2.525,-0.64,-0.16
"00-0036232","H.Bryant","TE",13,64.82,4.98615384615385,62.3,4.79230769230769,2.52,0.193846153846154
"00-0036233","D.Peoples-Jones","WR",13,106.76,8.21230769230769,111.7,8.59230769230769,-4.94,-0.38
"00-0036244","C.Parkinson","TE",5,8.02,1.604,8.3,1.66,-0.28,-0.056
"00-0036247","F.Swain","WR",16,86.36,5.3975,86.5,5.40625,-0.140000000000001,-0.00875000000000004
"00-0036250","T.Davis","TE",4,8.2,2.05,7.5,1.875,0.7,0.175
"00-0036251","Z.Moss","RB",13,129.78,9.98307692307692,107.2,8.24615384615385,22.58,1.73692307692308
"00-0036252","M.Pittman","WR",17,241.44,14.2023529411765,236.6,13.9176470588235,4.84,0.284705882352941
"00-0036254","C.Johnson","WR",7,18.64,2.66285714285714,21.5,3.07142857142857,-2.86,-0.408571428571429
"00-0036255","D.Mims","WR",10,14.12,1.412,21.3,2.13,-7.18,-0.718
"00-0036259","J.Jennings","WR",13,81.12,6.24,82.2,6.32307692307692,-1.08,-0.0830769230769231
"00-0036261","B.Aiyuk","WR",16,170.56,10.66,170.3,10.64375,0.259999999999998,0.0162499999999999
"00-0036264","J.Love","QB",4,18.12,4.53,25.74,6.435,-7.62,-1.905
"00-0036265","A.Dillon","RB",17,245.36,14.4329411764706,187.6,11.0352941176471,57.76,3.39764705882353
"00-0036268","L.Shenault","WR",16,128.46,8.02875,129,8.0625,-0.540000000000003,-0.0337500000000002
"00-0036269","L.Perine","RB",2,4.96,2.48,3.1,1.55,1.86,0.93
"00-0036271","Q.Watkins","WR",17,115.6,6.8,114,6.70588235294118,1.6,0.0941176470588235
"00-0036275","D.Swift","RB",13,257.24,19.7876923076923,210.7,16.2076923076923,46.54,3.58
"00-0036277","Q.Cephus","WR",5,47.22,9.444,47.4,9.48,-0.18,-0.0360000000000001
"00-0036278","J.Huntley","RB",1,7.5,7.5,5.1,5.1,2.4,2.4
"00-0036290","C.Kmet","TE",17,119.82,7.04823529411765,121.2,7.12941176470588,-1.38,-0.0811764705882355
"00-0036297","D.Evans","RB",1,4.9,4.9,3.8,3.8,1.1,1.1
"00-0036308","I.Coulter","WR",1,-0.66,-0.66,0,0,-0.66,-0.66
"00-0036309","D.Mooney","WR",17,209.56,12.3270588235294,219.7,12.9235294117647,-10.14,-0.596470588235294
"00-0036322","J.Jefferson","WR",17,328.34,19.3141176470588,332.4,19.5529411764706,-4.06000000000001,-0.238823529411765
"00-0036326","C.Claypool","WR",15,160.86,10.724,165.4,11.0266666666667,-4.54,-0.302666666666667
"00-0036328","A.Gibson","RB",16,304.34,19.02125,235.1,14.69375,69.24,4.3275
"00-0036331","D.Duvernay","WR",15,82.18,5.47866666666667,77.2,5.14666666666667,4.98,0.332
"00-0036332","J.Deguara","TE",12,64.72,5.39333333333333,61.5,5.125,3.22,0.268333333333333
"00-0036336","A.McFarland","RB",2,2.92,1.46,2.4,1.2,0.52,0.26
"00-0036345","K.Osborn","WR",17,154.98,9.11647058823529,158.5,9.32352941176471,-3.52,-0.207058823529412
"00-0036355","J.Herbert","QB",17,457.25,26.8970588235294,448.06,26.3564705882353,9.18999999999996,0.540588235294115
"00-0036358","C.Lamb","WR",16,236.5,14.78125,232.8,14.55,3.7,0.23125
"00-0036360","C.Edwards-Helaire","RB",10,153.78,15.378,119.6,11.96,34.18,3.418
"00-0036365","B.Edwards","WR",16,103.5,6.46875,109.1,6.81875,-5.6,-0.35
"00-0036370","J.Kelley","RB",8,25.5,3.1875,19,2.375,6.5,0.8125
"00-0036382","K.Hill","WR",1,7.02,7.02,6,6,1.02,1.02
"00-0036383","E.Benjamin","RB",7,36.46,5.20857142857143,28,4,8.46,1.20857142857143
"00-0036387","J.Reagor","WR",17,75.4,4.43529411764706,78.1,4.59411764705882,-2.7,-0.158823529411765
"00-0036389","J.Hurts","QB",15,342.55,22.8366666666667,343.26,22.884,-0.710000000000029,-0.0473333333333353
"00-0036407","J.Jeudy","WR",10,86.22,8.622,85,8.5,1.22,0.122
"00-0036410","T.Higgins","WR",14,219.84,15.7028571428571,219.1,15.65,0.739999999999998,0.0528571428571427
"00-0036412","K.Hamler","WR",3,10.8,3.6,12.4,4.13333333333333,-1.6,-0.533333333333333
"00-0036414","C.Akers","RB",1,5.5,5.5,4.3,4.3,1.2,1.2
"00-0036415","V.Jefferson","WR",17,160.66,9.45058823529412,168.2,9.89411764705882,-7.54,-0.443529411764706
"00-0036422","A.Trautman","TE",11,63.26,5.75090909090909,65.3,5.93636363636364,-2.04,-0.185454545454546
"00-0036423","A.Okwuegbunam","TE",13,84.6,6.50769230769231,78,6,6.6,0.507692307692308
"00-0036424","B.Hopkins","TE",1,2.24,2.24,1.9,1.9,0.34,0.34
"00-0036425","D.Dallas","RB",11,74.2,6.74545454545455,60.1,5.46363636363636,14.1,1.28181818181818
"00-0036427","T.Johnson","WR",16,71.04,4.44,72,4.5,-0.960000000000001,-0.06
"00-0036429","C.Woerner","TE",4,11.24,2.81,10.2,2.55,1.04,0.26
"00-0036438","S.Sullivan","TE",1,-0.66,-0.66,0,0,-0.66,-0.66
"00-0036439","T.Cleveland","WR",1,-0.66,-0.66,0,0,-0.66,-0.66
"00-0036442","J.Burrow","QB",16,374.5,23.40625,385.04,24.065,-10.54,-0.658750000000002
"00-0036450","K.Vaughn","RB",6,46.12,7.68666666666667,36.6,6.1,9.52,1.58666666666667
"00-0036456","D.Dafney","TE",4,4.76,1.19,5.4,1.35,-0.64,-0.16
"00-0036457","T.Williams","RB",7,54.08,7.72571428571429,41.9,5.98571428571429,12.18,1.74
"00-0036482","M.Strachan","WR",2,4.62,2.31,4.6,2.3,0.0199999999999999,0.00999999999999995
"00-0036491","T.Black","WR",1,1.68,1.68,2,2,-0.32,-0.32
"00-0036493","De.Jackson","RB",3,10.96,3.65333333333333,9.1,3.03333333333333,1.86,0.62
"00-0036510","K.Yeboah","TE",2,5.62,2.81,5.6,2.8,0.0199999999999999,0.00999999999999995
"00-0036523","T.Ragas","RB",1,4.72,4.72,3.5,3.5,1.22,1.22
"00-0036534","S.Zylstra","TE",2,4.78,2.39,6.4,3.2,-1.62,-0.81
"00-0036550","R.Bateman","WR",12,104.62,8.71833333333333,103.5,8.625,1.12,0.0933333333333332
"00-0036554","N.Collins","WR",14,77.2,5.51428571428571,83.8,5.98571428571429,-6.6,-0.471428571428572
"00-0036555","C.Hubbard","RB",16,176.9,11.05625,139.6,8.725,37.3,2.33125
"00-0036556","B.Jordan","TE",8,57.32,7.165,55.8,6.975,1.52,0.19
"00-0036567","E.Mitchell","RB",11,228.58,20.78,165,15,63.58,5.78
"00-0036569","G.Brightwell","RB",2,2.58,1.29,2,1,0.58,0.29
"00-0036572","S.Smith","WR",5,14.66,2.932,16.1,3.22,-1.44,-0.288
"00-0036582","N.McCrary","RB",1,-0.16,-0.16,-0.1,-0.1,-0.06,-0.06
"00-0036613","J.Waddle","WR",16,259.58,16.22375,247.8,15.4875,11.78,0.73625
"00-0036620","D.Eskridge","WR",8,28.64,3.58,28.3,3.5375,0.339999999999999,0.0424999999999999
"00-0036626","D.Brown","WR",9,23.36,2.59555555555556,28.1,3.12222222222222,-4.74,-0.526666666666667
"00-0036627","D.Fitzpatrick","WR",3,15.62,5.20666666666667,15.9,5.3,-0.28,-0.0933333333333333
"00-0036628","J.Bates","TE",11,54.4,4.94545454545455,50.9,4.62727272727273,3.5,0.318181818181818
"00-0036630","T.Wallace","WR",4,2.34,0.585,4.3,1.075,-1.96,-0.49
"00-0036635","I.Smith-Marsette","WR",3,29.64,9.88,28.6,9.53333333333333,1.04,0.346666666666667
"00-0036637","N.Gray","TE",7,17,2.42857142857143,16.6,2.37142857142857,0.4,0.0571428571428571
"00-0036650","L.Rountree","RB",8,20.5,2.5625,15.6,1.95,4.9,0.6125
"00-0036652","R.McMath","WR",5,0.84,0.168,2.8,0.56,-1.96,-0.392
"00-0036654","D.Felton","RB",11,56.08,5.09818181818182,50.5,4.59090909090909,5.58,0.507272727272727
"00-0036657","S.Williams","WR",1,4.74,4.74,4.4,4.4,0.34,0.34
"00-0036669","K.Hill","RB",4,5.02,1.255,3.9,0.975,1.12,0.28
"00-0036670","J.Jefferson","RB",4,30.84,7.71,25.7,6.425,5.14,1.285
"00-0036671","D.Milne","WR",9,17.22,1.91333333333333,17.4,1.93333333333333,-0.18,-0.0200000000000001
"00-0036698","M.Sargent","RB",4,1.1,0.275,1.1,0.275,0,0
"00-0036727","A.Prentice","FB",4,6.42,1.605,5.1,1.275,1.32,0.33
"00-0036741","J.Stoll","TE",3,6.9,2.3,6.2,2.06666666666667,0.7,0.233333333333333
"00-0036754","B.Wright","TE",7,36.48,5.21142857142857,35.7,5.1,0.78,0.111428571428571
"00-0036755","J.Patterson","RB",14,74.6,5.32857142857143,55.9,3.99285714285714,18.7,1.33571428571429
"00-0036768","J.Hardy","RB",2,10.64,5.32,8.9,4.45,1.74,0.87
"00-0036825","F.Franks","QB",3,-2.04,-0.68,-1.4,-0.466666666666667,-0.64,-0.213333333333333
"00-0036842","K.Nwangwu","RB",6,15.36,2.56,11,1.83333333333333,4.36,0.726666666666667
"00-0036857","C.Evans","RB",9,58.2,6.46666666666667,49.8,5.53333333333333,8.4,0.933333333333333
"00-0036860","J.Funk","RB",2,0.8,0.4,0.5,0.25,0.3,0.15
"00-0036862","B.Skowronek","WR",7,22.1,3.15714285714286,24.3,3.47142857142857,-2.2,-0.314285714285714
"00-0036875","R.Stevenson","RB",12,155.38,12.9483333333333,116.9,9.74166666666667,38.48,3.20666666666667
"00-0036876","K.Granson","TE",10,22.7,2.27,21.6,2.16,1.1,0.11
"00-0036877","J.Darden","WR",7,10.14,1.44857142857143,11.4,1.62857142857143,-1.26,-0.18
"00-0036879","S.Ehlinger","QB",2,1.6,0.8,1,0.5,0.6,0.3
"00-0036887","L.Farrell","TE",8,12.34,1.5425,12.6,1.575,-0.26,-0.0325
"00-0036893","N.Harris","RB",17,384.66,22.6270588235294,300.7,17.6882352941176,83.96,4.93882352941176
"00-0036894","P.Freiermuth","TE",16,158.9,9.93125,151.7,9.48125,7.2,0.45
"00-0036898","D.Mills","QB",13,169.03,13.0023076923077,187.26,14.4046153846154,-18.23,-1.4023076923077
"00-0036900","J.Chase","WR",17,304.38,17.9047058823529,306.6,18.0352941176471,-2.22,-0.130588235294118
"00-0036906","K.Herbert","RB",14,108.32,7.73714285714286,78.9,5.63571428571429,29.42,2.10142857142857
"00-0036907","D.Newsome","WR",3,3,1,4.3,1.43333333333333,-1.3,-0.433333333333333
"00-0036910","C.Saunders","WR",1,3.78,3.78,3.1,3.1,0.68,0.68
"00-0036912","D.Smith","WR",17,180.3,10.6058823529412,185.6,10.9176470588235,-5.3,-0.311764705882353
"00-0036913","K.Toney","WR",9,80.75,8.97222222222222,82.36,9.15111111111111,-1.61,-0.178888888888889
"00-0036919","K.Gainwell","RB",16,140.86,8.80375,123.4,7.7125,17.46,1.09125
"00-0036924","Mi.Carter","RB",14,192.64,13.76,154.6,11.0428571428571,38.04,2.71714285714286
"00-0036929","I.Book","QB",1,-13.84,-13.84,2,2,-15.84,-15.84
"00-0036936","R.Moore","WR",14,127.42,9.10142857142857,111.1,7.93571428571429,16.32,1.16571428571429
"00-0036945","J.Fields","QB",12,99.31,8.27583333333333,151.4,12.6166666666667,-52.09,-4.34083333333334
"00-0036946","K.Mond","QB",1,0.5,0.5,0.2,0.2,0.3,0.3
"00-0036951","F.Darby","WR",2,0.76,0.38,2.4,1.2,-1.64,-0.82
"00-0036955","T.Marshall","WR",12,27.34,2.27833333333333,30.8,2.56666666666667,-3.46,-0.288333333333333
"00-0036963","A.St. Brown","WR",16,237.1,14.81875,223.3,13.95625,13.8,0.8625
"00-0036970","K.Pitts","TE",17,172,10.1176470588235,176.6,10.3882352941176,-4.6,-0.270588235294118
"00-0036971","T.Lawrence","QB",17,174.87,10.2864705882353,229.94,13.5258823529412,-55.0700000000001,-3.23941176470588
"00-0036972","M.Jones","QB",17,284.36,16.7270588235294,272.74,16.0435294117647,11.62,0.683529411764703
"00-0036980","E.Moore","WR",11,132.96,12.0872727272727,138.2,12.5636363636364,-5.24,-0.476363636363637
"00-0036984","T.Sermon","RB",5,38.68,7.736,28.3,5.66,10.38,2.076
"00-0036988","J.Palmer","WR",15,93.92,6.26133333333333,92.9,6.19333333333333,1.02,0.0679999999999999
"00-0036991","Am.Rodgers","WR",4,8.32,2.08,9.6,2.4,-1.28,-0.32
"00-0036997","J.Williams","RB",17,269.1,15.8294117647059,206.9,12.1705882352941,62.2,3.65882352941176
"00-0036999","A.Schwartz","WR",12,30.56,2.54666666666667,33.4,2.78333333333333,-2.84,-0.236666666666667
"00-0037004","H.Long","TE",3,0.82,0.273333333333333,1.8,0.6,-0.98,-0.326666666666667
"00-0037005","T.Tremble","TE",14,48,3.42857142857143,51.1,3.65,-3.1,-0.221428571428572
"00-0037011","T.McKitty","TE",6,11.22,1.87,10.5,1.75,0.72,0.12
"00-0037012","T.Lance","QB",6,72.13,12.0216666666667,73.22,12.2033333333333,-1.09,-0.181666666666667
"00-0037013","Z.Wilson","QB",13,57.39,4.41461538461538,168.26,12.9430769230769,-110.87,-8.52846153846154
